id,photo
abbas-sinay,https://cdn.rawgit.com/wfdd/nc-assembly-scraper/master/photos/abbas-sinay.jpg
ahmet-gulle,https://cdn.rawgit.com/wfdd/nc-assembly-scraper/master/photos/ahmet-gulle.jpg
ahmet-kasif,https://cdn.rawgit.com/wfdd/nc-assembly-scraper/master/photos/ahmet-kasif.jpg
ali-pilli,https://cdn.rawgit.com/wfdd/nc-assembly-scraper/master/photos/ali-pilli.jpg
arif-albayrak,https://cdn.rawgit.com/wfdd/nc-assembly-scraper/master/photos/arif-albayrak.jpg
armagan-candan,https://cdn.rawgit.com/wfdd/nc-assembly-scraper/master/photos/armagan-candan.jpg
asim-akansoy,https://cdn.rawgit.com/wfdd/nc-assembly-scraper/master/photos/asim-akansoy.jpg
biray-hamzaogullari,https://cdn.rawgit.com/wfdd/nc-assembly-scraper/master/photos/biray-hamzaogullari.jpg
birikim-ozgur,https://cdn.rawgit.com/wfdd/nc-assembly-scraper/master/photos/birikim-ozgur.jpg
dogus-derya,https://cdn.rawgit.com/wfdd/nc-assembly-scraper/master/photos/dogus-derya.jpg
dursun-oguz,https://cdn.rawgit.com/wfdd/nc-assembly-scraper/master/photos/dursun-oguz.jpg
erdal-ozcenk,https://cdn.rawgit.com/wfdd/nc-assembly-scraper/master/photos/erdal-ozcenk.jpg
ergun-serdaroglu,https://cdn.rawgit.com/wfdd/nc-assembly-scraper/master/photos/ergun-serdaroglu.jpg
erkut-sahali,https://cdn.rawgit.com/wfdd/nc-assembly-scraper/master/photos/erkut-sahali.jpg
ersin-tatar,https://cdn.rawgit.com/wfdd/nc-assembly-scraper/master/photos/ersin-tatar.jpg
faiz-sucuoglu,https://cdn.rawgit.com/wfdd/nc-assembly-scraper/master/photos/faiz-sucuoglu.jpg
fazilet-ozdenefe,https://cdn.rawgit.com/wfdd/nc-assembly-scraper/master/photos/fazilet-ozdenefe.jpg
ferdi-sabit-soyer,https://cdn.rawgit.com/wfdd/nc-assembly-scraper/master/photos/ferdi-sabit-soyer.jpg
fikri-ataoglu,https://cdn.rawgit.com/wfdd/nc-assembly-scraper/master/photos/fikri-ataoglu.jpg
hakan-dincyurek,https://cdn.rawgit.com/wfdd/nc-assembly-scraper/master/photos/hakan-dincyurek.jpg
hamit-bakirci,https://cdn.rawgit.com/wfdd/nc-assembly-scraper/master/photos/hamit-bakirci.jpg
hamza-ersan-saner,https://cdn.rawgit.com/wfdd/nc-assembly-scraper/master/photos/hamza-ersan-saner.jpg
hasan-tacoy,https://cdn.rawgit.com/wfdd/nc-assembly-scraper/master/photos/hasan-tacoy.jpg
huseyin-angolemli,https://cdn.rawgit.com/wfdd/nc-assembly-scraper/master/photos/huseyin-angolemli.jpg
huseyin-avkiran-alanli,https://cdn.rawgit.com/wfdd/nc-assembly-scraper/master/photos/huseyin-avkiran-alanli.jpg
huseyin-ercal,https://cdn.rawgit.com/wfdd/nc-assembly-scraper/master/photos/huseyin-ercal.jpg
huseyin-ozgurgun,https://cdn.rawgit.com/wfdd/nc-assembly-scraper/master/photos/huseyin-ozgurgun.jpg
izlem-gurcag,https://cdn.rawgit.com/wfdd/nc-assembly-scraper/master/photos/izlem-gurcag.jpg
kemal-durust,https://cdn.rawgit.com/wfdd/nc-assembly-scraper/master/photos/kemal-durust.jpg
kutlu-evren,https://cdn.rawgit.com/wfdd/nc-assembly-scraper/master/photos/kutlu-evren.jpg
mehmet-caglar,https://cdn.rawgit.com/wfdd/nc-assembly-scraper/master/photos/mehmet-caglar.jpg
mehmet-cakici,https://cdn.rawgit.com/wfdd/nc-assembly-scraper/master/photos/mehmet-cakici.jpg
mentes-gunduz,https://cdn.rawgit.com/wfdd/nc-assembly-scraper/master/photos/mentes-gunduz.jpg
mustafa-arabacioglu,https://cdn.rawgit.com/wfdd/nc-assembly-scraper/master/photos/mustafa-arabacioglu.jpg
nazim-cavusoglu,https://cdn.rawgit.com/wfdd/nc-assembly-scraper/master/photos/nazim-cavusoglu.jpg
omer-soyer-kalyoncu,https://cdn.rawgit.com/wfdd/nc-assembly-scraper/master/photos/omer-kalyoncu.jpg
onder-sennaroglu,https://cdn.rawgit.com/wfdd/nc-assembly-scraper/master/photos/onder-sennaroglu.jpg
ozdemir-berova,https://cdn.rawgit.com/wfdd/nc-assembly-scraper/master/photos/ozdemir-berova.jpg
ozdil-nami,https://cdn.rawgit.com/wfdd/nc-assembly-scraper/master/photos/ozdil-nami.jpg
ozkan-yorgancioglu,https://cdn.rawgit.com/wfdd/nc-assembly-scraper/master/photos/ozkan-yorgancioglu.jpg
salih-izbul,https://cdn.rawgit.com/wfdd/nc-assembly-scraper/master/photos/salih-izbul.jpg
serdar-denktas,https://cdn.rawgit.com/wfdd/nc-assembly-scraper/master/photos/serdar-denktas.jpg
sibel-siber,https://cdn.rawgit.com/wfdd/nc-assembly-scraper/master/photos/sibel-siber.jpg
sunat-atun,https://cdn.rawgit.com/wfdd/nc-assembly-scraper/master/photos/sunat-atun.jpg
tahsin-ertugruloglu,https://cdn.rawgit.com/wfdd/nc-assembly-scraper/master/photos/tahsin-ertugruloglu.jpg
teberruken-ulucay,https://cdn.rawgit.com/wfdd/nc-assembly-scraper/master/photos/teberruken-ulucay.jpg
tufan-erhurman,https://cdn.rawgit.com/wfdd/nc-assembly-scraper/master/photos/tufan-erhurman.jpg
unal-ustel,https://cdn.rawgit.com/wfdd/nc-assembly-scraper/master/photos/unal-ustel.jpg
zeki-celer,https://cdn.rawgit.com/wfdd/nc-assembly-scraper/master/photos/zeki-celer.jpg
zorlu-tore,https://cdn.rawgit.com/wfdd/nc-assembly-scraper/master/photos/zorlu-tore.jpg
